estacion,comid,fecha_inicio_pronostico,fecha_obs_usada,nivel_obs_usado,primer_nivel_bruto,offset_aplicado,primer_nivel_ajustado,diferencia_control_m,dias_desde_obs,ajuste_continuidad,advertencia_ajuste
Santa Clotilde,9032282,2026-09-27,2026-09-25,7.28,6.414,0.866,7.28,0.0,2,Sí,Ajuste aplicado
Bellavista,9036028,2026-09-27,2026-09-26,4.88,4.85,0.03,4.88,0.0,1,Sí,Ajuste aplicado
Timicurillo,9036459,2026-09-27,2026-09-13,6.27,4.624,,4.624,,14,No,Observado muy antiguo para ajuste: 14 días
Puerto Almendra,9037610,2026-09-27,2026-09-26,3.4,4.046,-0.646,3.4,0.0,1,Sí,Ajuste aplicado
Santa María de Nanay,9037738,2026-09-27,2026-09-25,4.38,5.948,-1.568,4.38,0.0,2,Sí,Offset alto: -1.57 m. Revisar estación.
ENAPU,9038134,2026-09-27,2026-09-26,5.09,109.277,-104.187,5.09,0.0,1,Sí,Offset alto: -104.19 m. Revisar estación.
Tamshiyacu,9038269,2026-09-27,2026-09-26,3.08,1.937,1.143,3.08,0.0,1,Sí,Ajuste aplicado
Puerto Alegria,9038835,2026-09-27,2026-09-26,10.64,9.995,0.645,10.64,0.0,1,Sí,Ajuste aplicado
Santa Rosa,9039635,2026-09-27,2026-09-25,3.76,3.249,0.511,3.76,0.0,2,Sí,Ajuste aplicado
Borja,9040208,2026-09-27,2026-09-26,4.28,5.307,-1.027,4.28,0.0,1,Sí,Ajuste aplicado
San Regis,9040439,2026-09-27,2026-09-26,5.86,5.288,0.572,5.86,0.0,1,Sí,Ajuste aplicado
Nauta,9040454,2026-09-27,2026-09-26,6.26,4.93,1.33,6.26,0.0,1,Sí,Ajuste aplicado
San Lorenzo,9042153,2026-09-27,2025-09-30,7.19,9.761,,9.761,,362,No,Observado muy antiguo para ajuste: 362 días
Genaro Herrera,9042214,2026-09-27,2026-09-26,7.22,6.477,0.743,7.22,0.0,1,Sí,Ajuste aplicado
Angamos,9043370,2026-09-27,2026-09-26,1.24,7.229,-5.989,1.24,0.0,1,Sí,Offset alto: -5.99 m. Revisar estación.
Requena,9043425,2026-09-27,2026-09-26,5.84,5.145,0.695,5.84,0.0,1,Sí,Ajuste aplicado
Lagunas,9043597,2026-09-27,2026-09-26,4.3,5.399,-1.099,4.3,0.0,1,Sí,Ajuste aplicado
Flor de Punga,9044756,2026-09-27,2026-05-14,22.8,7.686,,7.686,,136,No,Observado muy antiguo para ajuste: 136 días
Yurimaguas,9046779,2026-09-27,2026-09-25,128.45,128.792,-0.342,128.45,0.0,2,Sí,Ajuste aplicado
Contamana,9053555,2026-09-27,2026-09-26,6.79,12.523,-5.733,6.79,0.0,1,Sí,Offset alto: -5.73 m. Revisar estación.
