estacion,comid,fecha,fecha_texto,nivel_prom_ajustado_m,nivel_min_ajustado_m,nivel_max_ajustado_m,nivel_p25_ajustado_m,nivel_p75_ajustado_m,nivel_prom_m,nivel_min_m,nivel_max_m,nivel_p25_m,nivel_p75_m,nivel_eta_eqm_ajustado_m,nivel_eta_scal_ajustado_m,nivel_gfs_ajustado_m,nivel_wrf_ajustado_m,nivel_eta_eqm_m,nivel_eta_scal_m,nivel_gfs_m,nivel_wrf_m,ajuste_continuidad,offset_ajuste_m,fecha_obs_ajuste,fecha_obs_ajuste_texto,nivel_obs_ajuste_m,dias_desde_obs_ajuste,advertencia_ajuste
Angamos,9043370,2026-10-09,09/10/2026,1.66,1.66,1.66,1.66,1.66,8.879,8.879,8.879,8.879,8.879,1.66,1.66,1.66,1.66,8.879,8.879,8.879,8.879,Sí,-7.219,2026-10-08,08/10/2026,1.66,1,Offset alto: -7.22 m. Revisar estación.
Angamos,9043370,2026-10-10,10/10/2026,1.636,1.619,1.644,1.632,1.643,8.855,8.838,8.863,8.851,8.862,1.643,1.644,1.636,1.619,8.862,8.863,8.855,8.838,Sí,-7.219,2026-10-08,08/10/2026,1.66,1,Offset alto: -7.22 m. Revisar estación.
Angamos,9043370,2026-10-11,11/10/2026,1.548,1.537,1.553,1.548,1.552,8.767,8.756,8.772,8.767,8.772,1.552,1.553,1.551,1.537,8.772,8.772,8.771,8.756,Sí,-7.219,2026-10-08,08/10/2026,1.66,1,Offset alto: -7.22 m. Revisar estación.
Angamos,9043370,2026-10-12,12/10/2026,1.503,1.443,1.649,1.449,1.515,8.722,8.662,8.869,8.668,8.734,1.451,1.47,1.443,1.649,8.67,8.689,8.662,8.869,Sí,-7.219,2026-10-08,08/10/2026,1.66,1,Offset alto: -7.22 m. Revisar estación.
Angamos,9043370,2026-10-13,13/10/2026,1.519,1.322,1.87,1.412,1.55,8.738,8.541,9.089,8.631,8.769,1.442,1.444,1.322,1.87,8.661,8.663,8.541,9.089,Sí,-7.219,2026-10-08,08/10/2026,1.66,1,Offset alto: -7.22 m. Revisar estación.
Angamos,9043370,2026-10-14,14/10/2026,1.568,1.268,2.11,1.401,1.614,8.787,8.487,9.329,8.62,8.833,1.445,1.448,1.268,2.11,8.664,8.667,8.487,9.329,Sí,-7.219,2026-10-08,08/10/2026,1.66,1,Offset alto: -7.22 m. Revisar estación.
Angamos,9043370,2026-10-15,15/10/2026,1.585,1.143,2.091,1.45,1.687,8.804,8.362,9.31,8.669,8.906,1.553,1.553,1.143,2.091,8.772,8.772,8.362,9.31,Sí,-7.219,2026-10-08,08/10/2026,1.66,1,Offset alto: -7.22 m. Revisar estación.
Bellavista,9036028,2026-10-09,09/10/2026,3.6,3.6,3.6,3.6,3.6,5.724,5.724,5.724,5.724,5.724,3.6,3.6,3.6,3.6,5.724,5.724,5.724,5.724,Sí,-2.124,2026-10-08,08/10/2026,3.6,1,Offset alto: -2.12 m. Revisar estación.
Bellavista,9036028,2026-10-10,10/10/2026,3.684,3.684,3.684,3.684,3.684,5.808,5.808,5.808,5.808,5.808,3.684,3.684,3.684,3.684,5.808,5.808,5.808,5.808,Sí,-2.124,2026-10-08,08/10/2026,3.6,1,Offset alto: -2.12 m. Revisar estación.
Bellavista,9036028,2026-10-11,11/10/2026,3.702,3.702,3.702,3.702,3.702,5.825,5.825,5.826,5.825,5.825,3.702,3.702,3.702,3.702,5.825,5.825,5.825,5.826,Sí,-2.124,2026-10-08,08/10/2026,3.6,1,Offset alto: -2.12 m. Revisar estación.
Bellavista,9036028,2026-10-12,12/10/2026,3.718,3.717,3.718,3.717,3.718,5.841,5.841,5.841,5.841,5.841,3.717,3.718,3.717,3.718,5.841,5.841,5.841,5.841,Sí,-2.124,2026-10-08,08/10/2026,3.6,1,Offset alto: -2.12 m. Revisar estación.
Bellavista,9036028,2026-10-13,13/10/2026,3.701,3.7,3.702,3.7,3.701,5.824,5.824,5.825,5.824,5.824,3.7,3.701,3.7,3.702,5.824,5.824,5.824,5.825,Sí,-2.124,2026-10-08,08/10/2026,3.6,1,Offset alto: -2.12 m. Revisar estación.
Bellavista,9036028,2026-10-14,14/10/2026,3.685,3.684,3.686,3.685,3.685,5.809,5.808,5.809,5.808,5.809,3.685,3.685,3.684,3.686,5.808,5.809,5.808,5.809,Sí,-2.124,2026-10-08,08/10/2026,3.6,1,Offset alto: -2.12 m. Revisar estación.
Bellavista,9036028,2026-10-15,15/10/2026,3.665,3.664,3.667,3.664,3.665,5.788,5.787,5.79,5.788,5.788,3.664,3.664,3.664,3.667,5.788,5.788,5.787,5.79,Sí,-2.124,2026-10-08,08/10/2026,3.6,1,Offset alto: -2.12 m. Revisar estación.
Borja,9040208,2026-10-09,09/10/2026,3.18,3.18,3.18,3.18,3.18,4.936,4.936,4.937,4.936,4.936,3.18,3.18,3.18,3.18,4.936,4.937,4.936,4.936,Sí,-1.756,2026-10-08,08/10/2026,3.18,1,Offset alto: -1.76 m. Revisar estación.
Borja,9040208,2026-10-10,10/10/2026,3.184,3.174,3.19,3.179,3.189,4.94,4.93,4.946,4.936,4.945,3.189,3.19,3.181,3.174,4.945,4.946,4.938,4.93,Sí,-1.756,2026-10-08,08/10/2026,3.18,1,Offset alto: -1.76 m. Revisar estación.
Borja,9040208,2026-10-11,11/10/2026,3.205,3.155,3.243,3.175,3.242,4.962,4.911,4.999,4.931,4.999,3.242,3.243,3.181,3.155,4.998,4.999,4.938,4.911,Sí,-1.756,2026-10-08,08/10/2026,3.18,1,Offset alto: -1.76 m. Revisar estación.
Borja,9040208,2026-10-12,12/10/2026,3.206,3.093,3.292,3.137,3.288,4.962,4.849,5.048,4.893,5.044,3.292,3.286,3.152,3.093,5.048,5.042,4.908,4.849,Sí,-1.756,2026-10-08,08/10/2026,3.18,1,Offset alto: -1.76 m. Revisar estación.
Borja,9040208,2026-10-13,13/10/2026,3.173,3.071,3.291,3.08,3.257,4.929,4.827,5.047,4.836,5.013,3.291,3.246,3.083,3.071,5.047,5.002,4.839,4.827,Sí,-1.756,2026-10-08,08/10/2026,3.18,1,Offset alto: -1.76 m. Revisar estación.
Borja,9040208,2026-10-14,14/10/2026,3.123,3.05,3.196,3.067,3.179,4.879,4.806,4.952,4.823,4.936,3.196,3.174,3.05,3.073,4.952,4.93,4.806,4.829,Sí,-1.756,2026-10-08,08/10/2026,3.18,1,Offset alto: -1.76 m. Revisar estación.
Borja,9040208,2026-10-15,15/10/2026,3.084,3.024,3.116,3.076,3.106,4.84,4.78,4.873,4.832,4.862,3.116,3.103,3.024,3.093,4.873,4.859,4.78,4.849,Sí,-1.756,2026-10-08,08/10/2026,3.18,1,Offset alto: -1.76 m. Revisar estación.
Contamana,9053555,2026-10-09,09/10/2026,5.9,5.9,5.9,5.9,5.9,11.75,11.75,11.75,11.75,11.75,5.9,5.9,5.9,5.9,11.75,11.75,11.75,11.75,Sí,-5.85,2026-10-08,08/10/2026,5.9,1,Offset alto: -5.85 m. Revisar estación.
Contamana,9053555,2026-10-10,10/10/2026,5.87,5.87,5.87,5.87,5.87,11.72,11.72,11.72,11.72,11.72,5.87,5.87,5.87,5.87,11.72,11.72,11.72,11.72,Sí,-5.85,2026-10-08,08/10/2026,5.9,1,Offset alto: -5.85 m. Revisar estación.
Contamana,9053555,2026-10-11,11/10/2026,5.839,5.839,5.839,5.839,5.839,11.689,11.689,11.689,11.689,11.689,5.839,5.839,5.839,5.839,11.689,11.689,11.689,11.689,Sí,-5.85,2026-10-08,08/10/2026,5.9,1,Offset alto: -5.85 m. Revisar estación.
Contamana,9053555,2026-10-12,12/10/2026,5.818,5.814,5.821,5.817,5.821,11.668,11.664,11.67,11.666,11.67,5.821,5.821,5.817,5.814,11.67,11.67,11.667,11.664,Sí,-5.85,2026-10-08,08/10/2026,5.9,1,Offset alto: -5.85 m. Revisar estación.
Contamana,9053555,2026-10-13,13/10/2026,5.753,5.749,5.758,5.75,5.757,11.603,11.599,11.608,11.599,11.607,5.757,5.758,5.75,5.749,11.606,11.608,11.6,11.599,Sí,-5.85,2026-10-08,08/10/2026,5.9,1,Offset alto: -5.85 m. Revisar estación.
Contamana,9053555,2026-10-14,14/10/2026,5.68,5.666,5.695,5.668,5.691,11.529,11.516,11.545,11.517,11.541,5.69,5.695,5.668,5.666,11.539,11.545,11.518,11.516,Sí,-5.85,2026-10-08,08/10/2026,5.9,1,Offset alto: -5.85 m. Revisar estación.
Contamana,9053555,2026-10-15,15/10/2026,5.54,5.526,5.553,5.528,5.552,11.389,11.375,11.403,11.377,11.402,5.552,5.553,5.528,5.526,11.401,11.403,11.378,11.375,Sí,-5.85,2026-10-08,08/10/2026,5.9,1,Offset alto: -5.85 m. Revisar estación.
ENAPU,9038134,2026-10-09,09/10/2026,3.95,3.227,5.844,3.3,4.015,56.368,55.645,58.262,55.718,56.433,3.405,5.844,3.324,3.227,55.824,58.262,55.743,55.645,Sí,-52.418,2026-10-08,08/10/2026,3.95,1,Offset alto: -52.42 m. Revisar estación.
ENAPU,9038134,2026-10-10,10/10/2026,1.108,0.751,1.766,0.854,1.211,53.526,53.169,54.184,53.272,53.629,1.026,1.766,0.888,0.751,53.444,54.184,53.306,53.169,Sí,-52.418,2026-10-08,08/10/2026,3.95,1,Offset alto: -52.42 m. Revisar estación.
ENAPU,9038134,2026-10-11,11/10/2026,-34.755,-48.378,2.078,-47.04,-34.075,17.663,4.04,54.496,5.378,18.343,-46.126,2.078,-46.594,-48.378,6.293,54.496,5.824,4.04,Sí,-52.418,2026-10-08,08/10/2026,3.95,1,Offset alto: -52.42 m. Revisar estación.
ENAPU,9038134,2026-10-12,12/10/2026,-34.616,-48.732,6.105,-48.464,-34.071,17.802,3.686,58.523,3.954,18.347,-47.463,6.105,-48.375,-48.732,4.955,58.523,4.043,3.686,Sí,-52.418,2026-10-08,08/10/2026,3.95,1,Offset alto: -52.42 m. Revisar estación.
ENAPU,9038134,2026-10-13,13/10/2026,-34.954,-49.154,6.714,-48.817,-34.824,17.465,3.264,59.132,3.601,17.595,-48.67,6.714,-48.705,-49.154,3.749,59.132,3.713,3.264,Sí,-52.418,2026-10-08,08/10/2026,3.95,1,Offset alto: -52.42 m. Revisar estación.
ENAPU,9038134,2026-10-14,14/10/2026,-35.007,-49.17,7.023,-49.146,-34.802,17.411,3.248,59.441,3.272,17.616,-49.17,7.023,-49.138,-48.744,3.248,59.441,3.28,3.674,Sí,-52.418,2026-10-08,08/10/2026,3.95,1,Offset alto: -52.42 m. Revisar estación.
ENAPU,9038134,2026-10-15,15/10/2026,-11.06,-49.302,53.465,-49.208,13.947,41.358,3.116,105.884,3.21,66.365,-49.302,53.465,-49.177,0.774,3.116,105.884,3.241,53.192,Sí,-52.418,2026-10-08,08/10/2026,3.95,1,Offset alto: -52.42 m. Revisar estación.
Flor de Punga,9044756,2026-10-09,09/10/2026,9.339,9.339,9.339,9.339,9.339,9.339,9.339,9.339,9.339,9.339,9.339,9.339,9.339,9.339,9.339,9.339,9.339,9.339,No,,2026-05-14,14/05/2026,22.8,148,Observado muy antiguo para ajuste: 148 días
Flor de Punga,9044756,2026-10-10,10/10/2026,9.344,9.344,9.344,9.344,9.344,9.344,9.344,9.344,9.344,9.344,9.344,9.344,9.344,9.344,9.344,9.344,9.344,9.344,No,,2026-05-14,14/05/2026,22.8,148,Observado muy antiguo para ajuste: 148 días
Flor de Punga,9044756,2026-10-11,11/10/2026,9.363,9.362,9.363,9.362,9.363,9.363,9.362,9.363,9.362,9.363,9.362,9.363,9.363,9.362,9.362,9.363,9.363,9.362,No,,2026-05-14,14/05/2026,22.8,148,Observado muy antiguo para ajuste: 148 días
Flor de Punga,9044756,2026-10-12,12/10/2026,9.367,9.367,9.367,9.367,9.367,9.367,9.367,9.367,9.367,9.367,9.367,9.367,9.367,9.367,9.367,9.367,9.367,9.367,No,,2026-05-14,14/05/2026,22.8,148,Observado muy antiguo para ajuste: 148 días
Flor de Punga,9044756,2026-10-13,13/10/2026,9.37,9.37,9.37,9.37,9.37,9.37,9.37,9.37,9.37,9.37,9.37,9.37,9.37,9.37,9.37,9.37,9.37,9.37,No,,2026-05-14,14/05/2026,22.8,148,Observado muy antiguo para ajuste: 148 días
Flor de Punga,9044756,2026-10-14,14/10/2026,9.442,9.441,9.443,9.441,9.442,9.442,9.441,9.443,9.441,9.442,9.442,9.442,9.441,9.443,9.442,9.442,9.441,9.443,No,,2026-05-14,14/05/2026,22.8,148,Observado muy antiguo para ajuste: 148 días
Flor de Punga,9044756,2026-10-15,15/10/2026,9.451,9.45,9.451,9.45,9.451,9.451,9.45,9.451,9.45,9.451,9.45,9.451,9.45,9.451,9.45,9.451,9.45,9.451,No,,2026-05-14,14/05/2026,22.8,148,Observado muy antiguo para ajuste: 148 días
Genaro Herrera,9042214,2026-10-09,09/10/2026,6.91,6.91,6.91,6.91,6.91,8.196,8.196,8.196,8.196,8.196,6.91,6.91,6.91,6.91,8.196,8.196,8.196,8.196,Sí,-1.286,2026-10-07,07/10/2026,6.91,2,Ajuste aplicado
Genaro Herrera,9042214,2026-10-10,10/10/2026,7.08,7.079,7.081,7.08,7.08,8.366,8.365,8.367,8.366,8.367,7.08,7.081,7.08,7.079,8.366,8.367,8.366,8.365,Sí,-1.286,2026-10-07,07/10/2026,6.91,2,Ajuste aplicado
Genaro Herrera,9042214,2026-10-11,11/10/2026,7.128,7.127,7.128,7.127,7.128,8.414,8.413,8.414,8.414,8.414,7.128,7.128,7.128,7.127,8.414,8.414,8.414,8.413,Sí,-1.286,2026-10-07,07/10/2026,6.91,2,Ajuste aplicado
Genaro Herrera,9042214,2026-10-12,12/10/2026,7.128,7.128,7.129,7.128,7.129,8.414,8.414,8.415,8.414,8.415,7.128,7.129,7.129,7.128,8.414,8.415,8.415,8.414,Sí,-1.286,2026-10-07,07/10/2026,6.91,2,Ajuste aplicado
Genaro Herrera,9042214,2026-10-13,13/10/2026,7.141,7.14,7.141,7.14,7.141,8.427,8.426,8.428,8.427,8.427,7.14,7.141,7.141,7.141,8.426,8.427,8.427,8.428,Sí,-1.286,2026-10-07,07/10/2026,6.91,2,Ajuste aplicado
Genaro Herrera,9042214,2026-10-14,14/10/2026,7.189,7.188,7.189,7.188,7.189,8.475,8.474,8.475,8.475,8.475,7.188,7.189,7.188,7.189,8.474,8.475,8.475,8.475,Sí,-1.286,2026-10-07,07/10/2026,6.91,2,Ajuste aplicado
Genaro Herrera,9042214,2026-10-15,15/10/2026,7.205,7.205,7.206,7.205,7.205,8.491,8.491,8.492,8.491,8.491,7.205,7.205,7.205,7.206,8.491,8.491,8.491,8.492,Sí,-1.286,2026-10-07,07/10/2026,6.91,2,Ajuste aplicado
Lagunas,9043597,2026-10-09,09/10/2026,4.47,4.47,4.47,4.47,4.47,5.314,5.314,5.314,5.314,5.314,4.47,4.47,4.47,4.47,5.314,5.314,5.314,5.314,Sí,-0.844,2026-10-08,08/10/2026,4.47,1,Ajuste aplicado
Lagunas,9043597,2026-10-10,10/10/2026,4.351,4.351,4.351,4.351,4.351,5.195,5.195,5.195,5.195,5.195,4.351,4.351,4.351,4.351,5.195,5.195,5.195,5.195,Sí,-0.844,2026-10-08,08/10/2026,4.47,1,Ajuste aplicado
Lagunas,9043597,2026-10-11,11/10/2026,4.211,4.211,4.211,4.211,4.211,5.055,5.054,5.055,5.055,5.055,4.211,4.211,4.211,4.211,5.055,5.055,5.055,5.054,Sí,-0.844,2026-10-08,08/10/2026,4.47,1,Ajuste aplicado
Lagunas,9043597,2026-10-12,12/10/2026,4.041,4.041,4.041,4.041,4.041,4.885,4.885,4.885,4.885,4.885,4.041,4.041,4.041,4.041,4.885,4.885,4.885,4.885,Sí,-0.844,2026-10-08,08/10/2026,4.47,1,Ajuste aplicado
Lagunas,9043597,2026-10-13,13/10/2026,3.832,3.832,3.832,3.832,3.832,4.676,4.676,4.676,4.676,4.676,3.832,3.832,3.832,3.832,4.676,4.676,4.676,4.676,Sí,-0.844,2026-10-08,08/10/2026,4.47,1,Ajuste aplicado
Lagunas,9043597,2026-10-14,14/10/2026,3.801,3.8,3.803,3.801,3.802,4.645,4.644,4.647,4.645,4.646,3.801,3.802,3.803,3.8,4.645,4.646,4.647,4.644,Sí,-0.844,2026-10-08,08/10/2026,4.47,1,Ajuste aplicado
Lagunas,9043597,2026-10-15,15/10/2026,3.836,3.828,3.852,3.831,3.837,4.68,4.672,4.696,4.675,4.681,3.831,3.832,3.852,3.828,4.675,4.676,4.696,4.672,Sí,-0.844,2026-10-08,08/10/2026,4.47,1,Ajuste aplicado
Nauta,9040454,2026-10-09,09/10/2026,5.28,5.28,5.28,5.28,5.28,5.927,5.927,5.927,5.927,5.927,5.28,5.28,5.28,5.28,5.927,5.927,5.927,5.927,Sí,-0.647,2026-10-08,08/10/2026,5.28,1,Ajuste aplicado
Nauta,9040454,2026-10-10,10/10/2026,5.328,5.328,5.328,5.328,5.328,5.975,5.975,5.975,5.975,5.975,5.328,5.328,5.328,5.328,5.975,5.975,5.975,5.975,Sí,-0.647,2026-10-08,08/10/2026,5.28,1,Ajuste aplicado
Nauta,9040454,2026-10-11,11/10/2026,5.349,5.348,5.35,5.348,5.349,5.996,5.996,5.997,5.996,5.996,5.348,5.348,5.348,5.35,5.996,5.996,5.996,5.997,Sí,-0.647,2026-10-08,08/10/2026,5.28,1,Ajuste aplicado
Nauta,9040454,2026-10-12,12/10/2026,5.359,5.358,5.361,5.358,5.359,6.006,6.005,6.009,6.005,6.007,5.358,5.359,5.358,5.361,6.005,6.006,6.005,6.009,Sí,-0.647,2026-10-08,08/10/2026,5.28,1,Ajuste aplicado
Nauta,9040454,2026-10-13,13/10/2026,5.355,5.355,5.356,5.355,5.355,6.002,6.002,6.003,6.002,6.002,5.355,5.355,5.355,5.356,6.002,6.002,6.002,6.003,Sí,-0.647,2026-10-08,08/10/2026,5.28,1,Ajuste aplicado
Nauta,9040454,2026-10-14,14/10/2026,5.345,5.345,5.345,5.345,5.345,5.992,5.992,5.993,5.992,5.992,5.345,5.345,5.345,5.345,5.992,5.992,5.992,5.993,Sí,-0.647,2026-10-08,08/10/2026,5.28,1,Ajuste aplicado
Nauta,9040454,2026-10-15,15/10/2026,5.331,5.331,5.331,5.331,5.331,5.978,5.978,5.979,5.978,5.979,5.331,5.331,5.331,5.331,5.978,5.978,5.978,5.979,Sí,-0.647,2026-10-08,08/10/2026,5.28,1,Ajuste aplicado
Puerto Alegria,9038835,2026-10-09,09/10/2026,9.69,9.69,9.69,9.69,9.69,10.327,10.327,10.327,10.327,10.327,9.69,9.69,9.69,9.69,10.327,10.327,10.327,10.327,Sí,-0.637,2026-10-08,08/10/2026,9.69,1,Ajuste aplicado
Puerto Alegria,9038835,2026-10-10,10/10/2026,9.614,9.613,9.616,9.613,9.616,10.251,10.25,10.253,10.25,10.253,9.616,9.616,9.613,9.613,10.253,10.253,10.25,10.25,Sí,-0.637,2026-10-08,08/10/2026,9.69,1,Ajuste aplicado
Puerto Alegria,9038835,2026-10-11,11/10/2026,9.557,9.555,9.559,9.555,9.559,10.194,10.192,10.196,10.192,10.196,9.559,9.559,9.555,9.555,10.196,10.196,10.192,10.192,Sí,-0.637,2026-10-08,08/10/2026,9.69,1,Ajuste aplicado
Puerto Alegria,9038835,2026-10-12,12/10/2026,9.569,9.558,9.58,9.558,9.58,10.206,10.195,10.217,10.195,10.217,9.58,9.58,9.558,9.558,10.217,10.217,10.195,10.195,Sí,-0.637,2026-10-08,08/10/2026,9.69,1,Ajuste aplicado
Puerto Alegria,9038835,2026-10-13,13/10/2026,9.646,9.618,9.678,9.619,9.672,10.283,10.255,10.315,10.256,10.309,9.678,9.67,9.619,9.618,10.315,10.307,10.256,10.255,Sí,-0.637,2026-10-08,08/10/2026,9.69,1,Ajuste aplicado
Puerto Alegria,9038835,2026-10-14,14/10/2026,9.734,9.697,9.775,9.7,9.767,10.371,10.334,10.412,10.337,10.404,9.775,9.764,9.697,9.701,10.412,10.401,10.334,10.338,Sí,-0.637,2026-10-08,08/10/2026,9.69,1,Ajuste aplicado
Puerto Alegria,9038835,2026-10-15,15/10/2026,9.85,9.78,9.923,9.804,9.896,10.487,10.417,10.56,10.441,10.533,9.923,9.887,9.78,9.811,10.56,10.524,10.417,10.448,Sí,-0.637,2026-10-08,08/10/2026,9.69,1,Ajuste aplicado
Puerto Almendra,9037610,2026-10-09,09/10/2026,2.39,2.39,2.39,2.39,2.39,3.769,3.768,3.769,3.768,3.769,2.39,2.39,2.39,2.39,3.768,3.769,3.768,3.768,Sí,-1.379,2026-10-08,08/10/2026,2.39,1,Ajuste aplicado
Puerto Almendra,9037610,2026-10-10,10/10/2026,2.063,2.018,2.112,2.047,2.077,3.441,3.396,3.49,3.425,3.455,2.065,2.112,2.057,2.018,3.443,3.49,3.435,3.396,Sí,-1.379,2026-10-08,08/10/2026,2.39,1,Ajuste aplicado
Puerto Almendra,9037610,2026-10-11,11/10/2026,1.886,1.835,1.976,1.852,1.902,3.265,3.214,3.354,3.23,3.28,1.877,1.976,1.857,1.835,3.255,3.354,3.236,3.214,Sí,-1.379,2026-10-08,08/10/2026,2.39,1,Ajuste aplicado
Puerto Almendra,9037610,2026-10-12,12/10/2026,2.134,1.779,2.299,2.1,2.262,3.512,3.158,3.678,3.479,3.641,2.207,2.299,2.25,1.779,3.586,3.678,3.628,3.158,Sí,-1.379,2026-10-08,08/10/2026,2.39,1,Ajuste aplicado
Puerto Almendra,9037610,2026-10-13,13/10/2026,2.263,1.622,2.553,2.188,2.513,3.641,3.0,3.931,3.567,3.891,2.377,2.499,2.553,1.622,3.756,3.878,3.931,3.0,Sí,-1.379,2026-10-08,08/10/2026,2.39,1,Ajuste aplicado
Puerto Almendra,9037610,2026-10-14,14/10/2026,2.28,1.663,2.558,2.188,2.542,3.659,3.042,3.937,3.566,3.92,2.363,2.536,2.558,1.663,3.741,3.915,3.937,3.042,Sí,-1.379,2026-10-08,08/10/2026,2.39,1,Ajuste aplicado
Puerto Almendra,9037610,2026-10-15,15/10/2026,2.146,1.676,2.498,2.043,2.307,3.524,3.055,3.877,3.422,3.685,2.166,2.498,2.243,1.676,3.544,3.877,3.622,3.055,Sí,-1.379,2026-10-08,08/10/2026,2.39,1,Ajuste aplicado
Requena,9043425,2026-10-09,09/10/2026,5.74,5.74,5.74,5.74,5.74,7.046,7.046,7.046,7.046,7.046,5.74,5.74,5.74,5.74,7.046,7.046,7.046,7.046,Sí,-1.306,2026-10-08,08/10/2026,5.74,1,Ajuste aplicado
Requena,9043425,2026-10-10,10/10/2026,5.726,5.726,5.726,5.726,5.726,7.032,7.032,7.032,7.032,7.032,5.726,5.726,5.726,5.726,7.032,7.032,7.032,7.032,Sí,-1.306,2026-10-08,08/10/2026,5.74,1,Ajuste aplicado
Requena,9043425,2026-10-11,11/10/2026,5.671,5.669,5.672,5.67,5.672,6.977,6.975,6.978,6.976,6.978,5.669,5.671,5.672,5.672,6.975,6.977,6.978,6.978,Sí,-1.306,2026-10-08,08/10/2026,5.74,1,Ajuste aplicado
Requena,9043425,2026-10-12,12/10/2026,5.591,5.591,5.592,5.591,5.591,6.897,6.896,6.898,6.897,6.897,5.591,5.591,5.591,5.592,6.896,6.897,6.897,6.898,Sí,-1.306,2026-10-08,08/10/2026,5.74,1,Ajuste aplicado
Requena,9043425,2026-10-13,13/10/2026,5.574,5.574,5.574,5.574,5.574,6.88,6.88,6.88,6.88,6.88,5.574,5.574,5.574,5.574,6.88,6.88,6.88,6.88,Sí,-1.306,2026-10-08,08/10/2026,5.74,1,Ajuste aplicado
Requena,9043425,2026-10-14,14/10/2026,5.571,5.571,5.572,5.571,5.572,6.877,6.877,6.878,6.877,6.877,5.571,5.572,5.571,5.572,6.877,6.877,6.877,6.878,Sí,-1.306,2026-10-08,08/10/2026,5.74,1,Ajuste aplicado
Requena,9043425,2026-10-15,15/10/2026,5.569,5.568,5.569,5.569,5.569,6.875,6.874,6.875,6.875,6.875,5.569,5.569,5.568,5.569,6.875,6.875,6.874,6.875,Sí,-1.306,2026-10-08,08/10/2026,5.74,1,Ajuste aplicado
San Lorenzo,9042153,2026-10-09,09/10/2026,11.122,11.122,11.122,11.122,11.122,11.122,11.122,11.122,11.122,11.122,11.122,11.122,11.122,11.122,11.122,11.122,11.122,11.122,No,,2025-09-30,30/09/2025,7.19,374,Observado muy antiguo para ajuste: 374 días
San Lorenzo,9042153,2026-10-10,10/10/2026,11.088,11.087,11.09,11.088,11.089,11.088,11.087,11.09,11.088,11.089,11.089,11.09,11.088,11.087,11.089,11.09,11.088,11.087,No,,2025-09-30,30/09/2025,7.19,374,Observado muy antiguo para ajuste: 374 días
San Lorenzo,9042153,2026-10-11,11/10/2026,10.941,10.928,10.952,10.935,10.949,10.941,10.928,10.952,10.935,10.949,10.949,10.952,10.938,10.928,10.949,10.952,10.938,10.928,No,,2025-09-30,30/09/2025,7.19,374,Observado muy antiguo para ajuste: 374 días
San Lorenzo,9042153,2026-10-12,12/10/2026,10.896,10.891,10.9,10.893,10.899,10.896,10.891,10.9,10.893,10.899,10.899,10.9,10.894,10.891,10.899,10.9,10.894,10.891,No,,2025-09-30,30/09/2025,7.19,374,Observado muy antiguo para ajuste: 374 días
San Lorenzo,9042153,2026-10-13,13/10/2026,10.925,10.885,10.962,10.891,10.961,10.925,10.885,10.962,10.891,10.961,10.961,10.962,10.893,10.885,10.961,10.962,10.893,10.885,No,,2025-09-30,30/09/2025,7.19,374,Observado muy antiguo para ajuste: 374 días
San Lorenzo,9042153,2026-10-14,14/10/2026,10.961,10.822,11.068,10.871,11.067,10.961,10.822,11.068,10.871,11.067,11.068,11.067,10.887,10.822,11.068,11.067,10.887,10.822,No,,2025-09-30,30/09/2025,7.19,374,Observado muy antiguo para ajuste: 374 días
San Lorenzo,9042153,2026-10-15,15/10/2026,10.95,10.804,11.107,10.816,11.078,10.95,10.804,11.107,10.816,11.078,11.107,11.068,10.82,10.804,11.107,11.068,10.82,10.804,No,,2025-09-30,30/09/2025,7.19,374,Observado muy antiguo para ajuste: 374 días
San Regis,9040439,2026-10-09,09/10/2026,5.06,5.06,5.06,5.06,5.06,4.853,4.853,4.853,4.853,4.853,5.06,5.06,5.06,5.06,4.853,4.853,4.853,4.853,Sí,0.207,2026-10-08,08/10/2026,5.06,1,Ajuste aplicado
San Regis,9040439,2026-10-10,10/10/2026,5.236,5.236,5.236,5.236,5.236,5.029,5.029,5.029,5.029,5.029,5.236,5.236,5.236,5.236,5.029,5.029,5.029,5.029,Sí,0.207,2026-10-08,08/10/2026,5.06,1,Ajuste aplicado
San Regis,9040439,2026-10-11,11/10/2026,5.287,5.287,5.287,5.287,5.287,5.08,5.08,5.08,5.08,5.08,5.287,5.287,5.287,5.287,5.08,5.08,5.08,5.08,Sí,0.207,2026-10-08,08/10/2026,5.06,1,Ajuste aplicado
San Regis,9040439,2026-10-12,12/10/2026,5.357,5.357,5.357,5.357,5.357,5.149,5.149,5.149,5.149,5.149,5.357,5.357,5.357,5.357,5.149,5.149,5.149,5.149,Sí,0.207,2026-10-08,08/10/2026,5.06,1,Ajuste aplicado
San Regis,9040439,2026-10-13,13/10/2026,5.388,5.388,5.388,5.388,5.388,5.18,5.18,5.18,5.18,5.18,5.388,5.388,5.388,5.388,5.18,5.18,5.18,5.18,Sí,0.207,2026-10-08,08/10/2026,5.06,1,Ajuste aplicado
San Regis,9040439,2026-10-14,14/10/2026,5.39,5.389,5.39,5.39,5.39,5.182,5.182,5.182,5.182,5.182,5.39,5.39,5.389,5.39,5.182,5.182,5.182,5.182,Sí,0.207,2026-10-08,08/10/2026,5.06,1,Ajuste aplicado
San Regis,9040439,2026-10-15,15/10/2026,5.379,5.377,5.38,5.379,5.38,5.172,5.17,5.172,5.171,5.172,5.379,5.38,5.377,5.38,5.172,5.172,5.17,5.172,Sí,0.207,2026-10-08,08/10/2026,5.06,1,Ajuste aplicado
Santa Clotilde,9032282,2026-10-09,09/10/2026,6.71,6.71,6.71,6.71,6.71,8.229,8.229,8.229,8.229,8.229,6.71,6.71,6.71,6.71,8.229,8.229,8.229,8.229,Sí,-1.519,2026-10-08,08/10/2026,6.71,1,Offset alto: -1.52 m. Revisar estación.
Santa Clotilde,9032282,2026-10-10,10/10/2026,6.699,6.699,6.699,6.699,6.699,8.218,8.218,8.218,8.218,8.218,6.699,6.699,6.699,6.699,8.218,8.218,8.218,8.218,Sí,-1.519,2026-10-08,08/10/2026,6.71,1,Offset alto: -1.52 m. Revisar estación.
Santa Clotilde,9032282,2026-10-11,11/10/2026,6.68,6.68,6.68,6.68,6.68,8.2,8.2,8.2,8.2,8.2,6.68,6.68,6.68,6.68,8.2,8.2,8.2,8.2,Sí,-1.519,2026-10-08,08/10/2026,6.71,1,Offset alto: -1.52 m. Revisar estación.
Santa Clotilde,9032282,2026-10-12,12/10/2026,6.666,6.666,6.666,6.666,6.666,8.185,8.185,8.186,8.185,8.186,6.666,6.666,6.666,6.666,8.186,8.186,8.185,8.185,Sí,-1.519,2026-10-08,08/10/2026,6.71,1,Offset alto: -1.52 m. Revisar estación.
Santa Clotilde,9032282,2026-10-13,13/10/2026,6.629,6.623,6.636,6.625,6.634,8.149,8.142,8.155,8.144,8.153,6.636,6.633,6.623,6.625,8.155,8.152,8.142,8.144,Sí,-1.519,2026-10-08,08/10/2026,6.71,1,Offset alto: -1.52 m. Revisar estación.
Santa Clotilde,9032282,2026-10-14,14/10/2026,6.601,6.6,6.602,6.6,6.601,8.12,8.119,8.121,8.119,8.121,6.602,6.601,6.6,6.6,8.121,8.121,8.119,8.119,Sí,-1.519,2026-10-08,08/10/2026,6.71,1,Offset alto: -1.52 m. Revisar estación.
Santa Clotilde,9032282,2026-10-15,15/10/2026,6.599,6.598,6.599,6.598,6.599,8.118,8.117,8.119,8.117,8.118,6.599,6.599,6.598,6.598,8.119,8.118,8.117,8.117,Sí,-1.519,2026-10-08,08/10/2026,6.71,1,Offset alto: -1.52 m. Revisar estación.
Santa María de Nanay,9037738,2026-10-09,09/10/2026,3.22,3.202,3.243,3.206,3.232,3.616,3.597,3.639,3.601,3.628,3.228,3.243,3.207,3.202,3.624,3.639,3.603,3.597,Sí,-0.396,2026-10-08,08/10/2026,3.22,1,Ajuste aplicado
Santa María de Nanay,9037738,2026-10-10,10/10/2026,3.214,3.08,3.362,3.149,3.273,3.61,3.476,3.758,3.545,3.668,3.243,3.362,3.172,3.08,3.638,3.758,3.568,3.476,Sí,-0.396,2026-10-08,08/10/2026,3.22,1,Ajuste aplicado
Santa María de Nanay,9037738,2026-10-11,11/10/2026,3.655,3.021,4.283,3.442,3.871,4.051,3.417,4.679,3.838,4.267,3.582,4.283,3.734,3.021,3.978,4.679,4.13,3.417,Sí,-0.396,2026-10-08,08/10/2026,3.22,1,Ajuste aplicado
Santa María de Nanay,9037738,2026-10-12,12/10/2026,4.27,2.836,5.03,3.979,4.898,4.666,3.232,5.426,4.375,5.293,4.361,4.854,5.03,2.836,4.756,5.249,5.426,3.232,Sí,-0.396,2026-10-08,08/10/2026,3.22,1,Ajuste aplicado
Santa María de Nanay,9037738,2026-10-13,13/10/2026,4.058,2.574,4.929,3.622,4.799,4.454,2.97,5.325,4.018,5.195,3.972,4.929,4.756,2.574,4.368,5.325,5.152,2.97,Sí,-0.396,2026-10-08,08/10/2026,3.22,1,Ajuste aplicado
Santa María de Nanay,9037738,2026-10-14,14/10/2026,3.402,2.518,4.613,2.958,3.684,3.798,2.913,5.009,3.353,4.08,3.375,4.613,3.105,2.518,3.77,5.009,3.5,2.913,Sí,-0.396,2026-10-08,08/10/2026,3.22,1,Ajuste aplicado
Santa María de Nanay,9037738,2026-10-15,15/10/2026,3.074,2.352,4.361,2.473,3.394,3.47,2.747,4.757,2.868,3.79,3.072,4.361,2.352,2.513,3.467,4.757,2.747,2.909,Sí,-0.396,2026-10-08,08/10/2026,3.22,1,Ajuste aplicado
Santa Rosa,9039635,2026-10-09,09/10/2026,2.75,2.75,2.75,2.75,2.75,3.58,3.58,3.58,3.58,3.58,2.75,2.75,2.75,2.75,3.58,3.58,3.58,3.58,Sí,-0.83,2026-10-08,08/10/2026,2.75,1,Ajuste aplicado
Santa Rosa,9039635,2026-10-10,10/10/2026,2.66,2.66,2.66,2.66,2.66,3.489,3.489,3.489,3.489,3.489,2.66,2.66,2.66,2.66,3.489,3.489,3.489,3.489,Sí,-0.83,2026-10-08,08/10/2026,2.75,1,Ajuste aplicado
Santa Rosa,9039635,2026-10-11,11/10/2026,2.559,2.554,2.563,2.555,2.563,3.389,3.384,3.393,3.385,3.393,2.563,2.563,2.555,2.554,3.393,3.393,3.385,3.384,Sí,-0.83,2026-10-08,08/10/2026,2.75,1,Ajuste aplicado
Santa Rosa,9039635,2026-10-12,12/10/2026,2.542,2.535,2.547,2.537,2.547,3.372,3.365,3.377,3.367,3.377,2.547,2.547,2.537,2.535,3.377,3.377,3.367,3.365,Sí,-0.83,2026-10-08,08/10/2026,2.75,1,Ajuste aplicado
Santa Rosa,9039635,2026-10-13,13/10/2026,2.595,2.563,2.632,2.567,2.621,3.425,3.393,3.462,3.397,3.451,2.632,2.618,2.569,2.563,3.462,3.448,3.399,3.393,Sí,-0.83,2026-10-08,08/10/2026,2.75,1,Ajuste aplicado
Santa Rosa,9039635,2026-10-14,14/10/2026,2.703,2.68,2.733,2.68,2.723,3.533,3.51,3.563,3.51,3.553,2.733,2.719,2.68,2.68,3.563,3.549,3.51,3.51,Sí,-0.83,2026-10-08,08/10/2026,2.75,1,Ajuste aplicado
Santa Rosa,9039635,2026-10-15,15/10/2026,2.841,2.766,2.92,2.778,2.903,3.671,3.596,3.75,3.608,3.733,2.92,2.897,2.766,2.782,3.75,3.727,3.596,3.612,Sí,-0.83,2026-10-08,08/10/2026,2.75,1,Ajuste aplicado
Tamshiyacu,9038269,2026-10-09,09/10/2026,1.9,1.9,1.9,1.9,1.9,3.015,3.015,3.015,3.015,3.015,1.9,1.9,1.9,1.9,3.015,3.015,3.015,3.015,Sí,-1.115,2026-10-08,08/10/2026,1.9,1,Ajuste aplicado
Tamshiyacu,9038269,2026-10-10,10/10/2026,2.053,2.053,2.053,2.053,2.053,3.169,3.169,3.169,3.169,3.169,2.053,2.053,2.053,2.053,3.169,3.169,3.169,3.169,Sí,-1.115,2026-10-08,08/10/2026,1.9,1,Ajuste aplicado
Tamshiyacu,9038269,2026-10-11,11/10/2026,2.175,2.175,2.175,2.175,2.175,3.29,3.29,3.29,3.29,3.29,2.175,2.175,2.175,2.175,3.29,3.29,3.29,3.29,Sí,-1.115,2026-10-08,08/10/2026,1.9,1,Ajuste aplicado
Tamshiyacu,9038269,2026-10-12,12/10/2026,2.207,2.205,2.211,2.205,2.207,3.322,3.321,3.326,3.321,3.323,2.205,2.206,2.205,2.211,3.321,3.322,3.321,3.326,Sí,-1.115,2026-10-08,08/10/2026,1.9,1,Ajuste aplicado
Tamshiyacu,9038269,2026-10-13,13/10/2026,2.218,2.218,2.218,2.218,2.218,3.334,3.334,3.334,3.334,3.334,2.218,2.218,2.218,2.218,3.334,3.334,3.334,3.334,Sí,-1.115,2026-10-08,08/10/2026,1.9,1,Ajuste aplicado
Tamshiyacu,9038269,2026-10-14,14/10/2026,2.216,2.215,2.218,2.215,2.218,3.332,3.33,3.334,3.33,3.334,2.215,2.218,2.215,2.218,3.33,3.334,3.33,3.334,Sí,-1.115,2026-10-08,08/10/2026,1.9,1,Ajuste aplicado
Tamshiyacu,9038269,2026-10-15,15/10/2026,2.212,2.211,2.214,2.211,2.213,3.327,3.327,3.329,3.327,3.328,2.211,2.212,2.211,2.214,3.327,3.327,3.327,3.329,Sí,-1.115,2026-10-08,08/10/2026,1.9,1,Ajuste aplicado
Timicurillo,9036459,2026-10-09,09/10/2026,5.749,5.749,5.749,5.749,5.749,5.749,5.749,5.749,5.749,5.749,5.749,5.749,5.749,5.749,5.749,5.749,5.749,5.749,No,,2026-09-13,13/09/2026,6.27,26,Observado muy antiguo para ajuste: 26 días
Timicurillo,9036459,2026-10-10,10/10/2026,5.861,5.861,5.862,5.861,5.862,5.861,5.861,5.862,5.861,5.862,5.862,5.862,5.861,5.861,5.862,5.862,5.861,5.861,No,,2026-09-13,13/09/2026,6.27,26,Observado muy antiguo para ajuste: 26 días
Timicurillo,9036459,2026-10-11,11/10/2026,6.038,6.037,6.041,6.038,6.039,6.038,6.037,6.041,6.038,6.039,6.038,6.041,6.038,6.037,6.038,6.041,6.038,6.037,No,,2026-09-13,13/09/2026,6.27,26,Observado muy antiguo para ajuste: 26 días
Timicurillo,9036459,2026-10-12,12/10/2026,6.338,6.314,6.364,6.327,6.347,6.338,6.314,6.364,6.327,6.347,6.341,6.364,6.331,6.314,6.341,6.364,6.331,6.314,No,,2026-09-13,13/09/2026,6.27,26,Observado muy antiguo para ajuste: 26 días
Timicurillo,9036459,2026-10-13,13/10/2026,6.785,6.732,6.835,6.768,6.804,6.785,6.732,6.835,6.768,6.804,6.78,6.835,6.793,6.732,6.78,6.835,6.793,6.732,No,,2026-09-13,13/09/2026,6.27,26,Observado muy antiguo para ajuste: 26 días
Timicurillo,9036459,2026-10-14,14/10/2026,6.948,6.79,7.012,6.934,7.01,6.948,6.79,7.012,6.934,7.01,6.982,7.009,7.012,6.79,6.982,7.009,7.012,6.79,No,,2026-09-13,13/09/2026,6.27,26,Observado muy antiguo para ajuste: 26 días
Timicurillo,9036459,2026-10-15,15/10/2026,6.962,6.84,7.013,6.948,7.012,6.962,6.84,7.013,6.948,7.012,6.984,7.013,7.012,6.84,6.984,7.013,7.012,6.84,No,,2026-09-13,13/09/2026,6.27,26,Observado muy antiguo para ajuste: 26 días
Yurimaguas,9046779,2026-10-09,09/10/2026,129.46,129.46,129.46,129.46,129.46,128.749,128.749,128.749,128.749,128.749,129.46,129.46,129.46,129.46,128.749,128.749,128.749,128.749,Sí,0.711,2026-10-02,02/10/2026,129.46,7,Ajuste aplicado
Yurimaguas,9046779,2026-10-10,10/10/2026,129.391,129.391,129.391,129.391,129.391,128.68,128.68,128.68,128.68,128.68,129.391,129.391,129.391,129.391,128.68,128.68,128.68,128.68,Sí,0.711,2026-10-02,02/10/2026,129.46,7,Ajuste aplicado
Yurimaguas,9046779,2026-10-11,11/10/2026,129.307,129.307,129.308,129.307,129.307,128.597,128.596,128.597,128.597,128.597,129.307,129.307,129.308,129.307,128.597,128.597,128.597,128.596,Sí,0.711,2026-10-02,02/10/2026,129.46,7,Ajuste aplicado
Yurimaguas,9046779,2026-10-12,12/10/2026,129.294,129.292,129.295,129.293,129.294,128.583,128.582,128.584,128.583,128.584,129.294,129.294,129.295,129.292,128.583,128.583,128.584,128.582,Sí,0.711,2026-10-02,02/10/2026,129.46,7,Ajuste aplicado
Yurimaguas,9046779,2026-10-13,13/10/2026,129.381,129.364,129.392,129.378,129.388,128.671,128.653,128.682,128.667,128.678,129.382,129.387,129.392,129.364,128.671,128.676,128.682,128.653,Sí,0.711,2026-10-02,02/10/2026,129.46,7,Ajuste aplicado
Yurimaguas,9046779,2026-10-14,14/10/2026,129.544,129.516,129.615,129.517,129.548,128.833,128.805,128.904,128.806,128.837,129.517,129.526,129.615,129.516,128.807,128.815,128.904,128.805,Sí,0.711,2026-10-02,02/10/2026,129.46,7,Ajuste aplicado
Yurimaguas,9046779,2026-10-15,15/10/2026,129.886,129.796,130.008,129.827,129.929,129.175,129.086,129.297,129.116,129.218,129.796,129.837,130.008,129.902,129.086,129.126,129.297,129.191,Sí,0.711,2026-10-02,02/10/2026,129.46,7,Ajuste aplicado
