estacion,horizonte_dias,orden_arima_p,estado_arima
BELLAVISTA,30,2.0,OK_ARIMA_D1
BELLAVISTA,60,2.0,OK_ARIMA_D1
BELLAVISTA,90,2.0,OK_ARIMA_D1
BORJA,30,5.0,OK_ARIMA_D1
BORJA,60,5.0,OK_ARIMA_D1
BORJA,90,5.0,OK_ARIMA_D1
CONTAMANA,30,2.0,OK_ARIMA_D1
CONTAMANA,60,2.0,OK_ARIMA_D1
CONTAMANA,90,2.0,OK_ARIMA_D1
ENAPU,30,,EXCLUIDA_UNIDADES_MIXTAS
ENAPU,60,,EXCLUIDA_UNIDADES_MIXTAS
ENAPU,90,,EXCLUIDA_UNIDADES_MIXTAS
LAGUNAS,30,2.0,OK_ARIMA_D1
LAGUNAS,60,2.0,OK_ARIMA_D1
LAGUNAS,90,2.0,OK_ARIMA_D1
NAUTA,30,2.0,OK_ARIMA_D1
NAUTA,60,2.0,OK_ARIMA_D1
NAUTA,90,2.0,OK_ARIMA_D1
PUERTO ALEGRIA,30,5.0,OK_ARIMA_D1
PUERTO ALEGRIA,60,5.0,OK_ARIMA_D1
PUERTO ALEGRIA,90,5.0,OK_ARIMA_D1
REQUENA,30,2.0,OK_ARIMA_D1
REQUENA,60,2.0,OK_ARIMA_D1
REQUENA,90,2.0,OK_ARIMA_D1
SAN REGIS,30,3.0,OK_ARIMA_D1
SAN REGIS,60,3.0,OK_ARIMA_D1
SAN REGIS,90,3.0,OK_ARIMA_D1
SANTA MARIA DE NANAY,30,2.0,OK_ARIMA_D1
SANTA MARIA DE NANAY,60,2.0,OK_ARIMA_D1
SANTA MARIA DE NANAY,90,2.0,OK_ARIMA_D1
TAMSHIYACU,30,2.0,OK_ARIMA_D1
TAMSHIYACU,60,2.0,OK_ARIMA_D1
TAMSHIYACU,90,2.0,OK_ARIMA_D1
YURIMAGUAS,30,1.0,OK_ARIMA_D1
YURIMAGUAS,60,1.0,OK_ARIMA_D1
YURIMAGUAS,90,1.0,OK_ARIMA_D1
