estacion,horizonte_dias,n_calibracion_emos,peso_analogo,peso_dtw,peso_persistencia,peso_climatologia,estado_emos
BELLAVISTA,30,180,0.29741834147119955,0.0,0.3066118650288153,0.3959697934999851,OK_CALIBRADO
BELLAVISTA,60,360,0.0,0.0,0.2190287450960587,0.7809712549039414,OK_CALIBRADO
BELLAVISTA,90,540,0.0,0.0,0.07729106503927831,0.9227089349607216,OK_CALIBRADO
BORJA,30,180,0.606539708763,0.393460291237,0.0,0.0,OK_CALIBRADO
BORJA,60,360,0.13262733742255883,0.8673726625774412,0.0,0.0,OK_CALIBRADO
BORJA,90,540,0.0,0.6456973558542934,0.0,0.3543026441457065,OK_CALIBRADO
CONTAMANA,30,180,0.6818944208743757,0.0,0.31810557912562437,0.0,OK_CALIBRADO
CONTAMANA,60,360,0.8527002355225997,0.0,0.1472997644774003,0.0,OK_CALIBRADO
CONTAMANA,90,540,0.8223472449815,0.0,0.17765275501849995,0.0,OK_CALIBRADO
ENAPU,30,0,,,,,EXCLUIDA_UNIDADES_MIXTAS
ENAPU,60,0,,,,,EXCLUIDA_UNIDADES_MIXTAS
ENAPU,90,0,,,,,EXCLUIDA_UNIDADES_MIXTAS
LAGUNAS,30,180,0.0,0.2981968607764992,0.46387795863267245,0.23792518059082837,OK_CALIBRADO
LAGUNAS,60,360,0.0,0.0,0.008186789479674038,0.991813210520326,OK_CALIBRADO
LAGUNAS,90,540,0.18973621005307154,0.0,0.0,0.8102637899469284,OK_CALIBRADO
NAUTA,30,180,0.5645853550758688,0.0,0.0,0.4354146449241311,OK_CALIBRADO
NAUTA,60,360,0.3149368174112871,0.0,0.0341090635152462,0.6509541190734668,OK_CALIBRADO
NAUTA,90,540,0.09565248213159443,0.0,0.12899302504317853,0.775354492825227,OK_CALIBRADO
PUERTO ALEGRIA,30,180,0.5808037606958254,0.0,0.0,0.41919623930417466,OK_CALIBRADO
PUERTO ALEGRIA,60,360,0.20937660009573358,0.08862349176052463,0.0,0.7019999081437418,OK_CALIBRADO
PUERTO ALEGRIA,90,540,0.07262565278877607,0.29070010630405296,0.019757169598461907,0.6169170713087091,OK_CALIBRADO
REQUENA,30,180,0.2774815431101244,0.4218818448835344,0.2098658064504996,0.09077080555584152,OK_CALIBRADO
REQUENA,60,360,0.0,0.39282705766270404,0.2599510408124842,0.34722190152481175,OK_CALIBRADO
REQUENA,90,540,0.0,0.3538784377118589,0.19816598983171338,0.4479555724564277,OK_CALIBRADO
SAN REGIS,30,180,0.1180171435165225,0.185924377277694,0.2804173047957453,0.4156411744100382,OK_CALIBRADO
SAN REGIS,60,360,0.0,0.28349807059154536,0.17548062323108138,0.5410213061773733,OK_CALIBRADO
SAN REGIS,90,540,0.0,0.24244376225533665,0.1851688828075997,0.5723873549370636,OK_CALIBRADO
SANTA MARIA DE NANAY,30,180,0.029034145405684084,0.970965854594316,0.0,0.0,OK_CALIBRADO
SANTA MARIA DE NANAY,60,360,0.0,1.0,0.0,0.0,OK_CALIBRADO
SANTA MARIA DE NANAY,90,540,0.10639669841616285,0.8936033015838372,0.0,0.0,OK_CALIBRADO
TAMSHIYACU,30,60,1.0,0.0,0.0,0.0,OK_CALIBRADO
TAMSHIYACU,60,120,0.0,0.7686245109022785,0.23137548909772154,0.0,OK_CALIBRADO
TAMSHIYACU,90,180,0.0,0.7589081836762422,0.0,0.2410918163237577,OK_CALIBRADO
YURIMAGUAS,30,180,0.33373636015489694,0.5726792765031602,0.0,0.09358436334194281,OK_CALIBRADO
YURIMAGUAS,60,360,0.5063531154882798,0.17562862423139552,0.0,0.31801826028032476,OK_CALIBRADO
YURIMAGUAS,90,540,0.13789357460709534,0.5439929217205381,0.0,0.31811350367236657,OK_CALIBRADO
