estacion,horizonte_dias,estado_kalman,pendiente_final_m_dia
BELLAVISTA,30,OK_KALMAN,-0.027924927514641335
BELLAVISTA,60,OK_KALMAN,-0.019520164101231027
BELLAVISTA,90,OK_KALMAN,-0.014480681785123689
BORJA,30,OK_KALMAN,-0.16546986307024575
BORJA,60,OK_KALMAN,-0.11566722525048283
BORJA,90,OK_KALMAN,-0.08580564554346327
CONTAMANA,30,OK_KALMAN,-0.1212166493918626
CONTAMANA,60,OK_KALMAN,-0.08473321503484428
CONTAMANA,90,OK_KALMAN,-0.06285780781282771
ENAPU,30,EXCLUIDA_UNIDADES_MIXTAS,
ENAPU,60,EXCLUIDA_UNIDADES_MIXTAS,
ENAPU,90,EXCLUIDA_UNIDADES_MIXTAS,
LAGUNAS,30,OK_KALMAN,-0.07077172134372707
LAGUNAS,60,OK_KALMAN,-0.04947105462070849
LAGUNAS,90,OK_KALMAN,-0.036699209895052834
NAUTA,30,OK_KALMAN,0.025016679761565644
NAUTA,60,OK_KALMAN,0.017487232292999495
NAUTA,90,OK_KALMAN,0.01297258797744919
PUERTO ALEGRIA,30,OK_KALMAN,-0.07034147047092562
PUERTO ALEGRIA,60,OK_KALMAN,-0.049170299403443245
PUERTO ALEGRIA,90,OK_KALMAN,-0.03647610005981537
REQUENA,30,OK_KALMAN,-0.0015561874250845078
REQUENA,60,OK_KALMAN,-0.0010878106628564813
REQUENA,90,OK_KALMAN,-0.0008069727267454859
SAN REGIS,30,OK_KALMAN,0.0703829899140417
SAN REGIS,60,OK_KALMAN,0.04919932244540432
SAN REGIS,90,OK_KALMAN,0.036497630280201546
SANTA MARIA DE NANAY,30,OK_KALMAN,-0.053899465734000056
SANTA MARIA DE NANAY,60,OK_KALMAN,-0.03767696140105355
SANTA MARIA DE NANAY,90,OK_KALMAN,-0.027949974490462264
TAMSHIYACU,30,OK_KALMAN,0.041939802615037915
TAMSHIYACU,60,OK_KALMAN,0.029316882881416245
TAMSHIYACU,90,OK_KALMAN,0.02174820097494754
YURIMAGUAS,30,OK_KALMAN,0.0913283485476719
YURIMAGUAS,60,OK_KALMAN,0.06384060799478648
YURIMAGUAS,90,OK_KALMAN,0.047359003979019675
