estacion,id_estacion,fecha_emision,fecha_origen,n_datos,horizonte_dias,modelo,estado,n_analogos,ventana_analogos_dias,distancia_media,salto_inicial_original_m,correccion_continuidad_m,salto_inicial_final_m,continuidad_estado
BELLAVISTA,14.0,2026-10-10,2026-10-08,14254,30,HIBRIDO_ANALOGO_CLIM,OK_ANALOGOS_CONTINUIDAD_CORREGIDA,10,30,0.11994619631352632,0.16915266618724756,-0.16915266618724756,0.0,CORREGIDO_ANCLA_OBSERVADO
BELLAVISTA,14.0,2026-10-10,2026-10-08,14254,60,HIBRIDO_ANALOGO_CLIM,OK_ANALOGOS_CONTINUIDAD_CORREGIDA,10,30,0.12584769132422038,0.16131373090538448,-0.16131373090538448,0.0,CORREGIDO_ANCLA_OBSERVADO
BELLAVISTA,14.0,2026-10-10,2026-10-08,14254,90,HIBRIDO_ANALOGO_CLIM,OK_ANALOGOS_CONTINUIDAD_CORREGIDA,10,30,0.14168133330473673,0.17054679014863838,-0.17054679014863838,0.0,CORREGIDO_ANCLA_OBSERVADO
BORJA,26.0,2026-10-10,2026-10-08,13858,30,HIBRIDO_ANALOGO_CLIM,OK_ANALOGOS_CONTINUIDAD_CORREGIDA,10,30,0.2734187018761546,0.38596257851673643,-0.38596257851673643,0.0,CORREGIDO_ANCLA_OBSERVADO
BORJA,26.0,2026-10-10,2026-10-08,13858,60,HIBRIDO_ANALOGO_CLIM,OK_ANALOGOS_CONTINUIDAD_CORREGIDA,10,30,0.33177676585348753,0.44121497882797245,-0.44121497882797245,0.0,CORREGIDO_ANCLA_OBSERVADO
BORJA,26.0,2026-10-10,2026-10-08,13858,90,HIBRIDO_ANALOGO_CLIM,OK_ANALOGOS_CONTINUIDAD_CORREGIDA,10,30,0.2737626922737312,0.4209890952420072,-0.4209890952420072,0.0,CORREGIDO_ANCLA_OBSERVADO
CONTAMANA,2.0,2026-10-10,2026-10-08,9861,30,HIBRIDO_ANALOGO_CLIM,OK_ANALOGOS_CONTINUIDAD_CORREGIDA,10,30,0.2939781393849935,1.1070436974578097,-1.1070436974578097,0.0,CORREGIDO_ANCLA_OBSERVADO
CONTAMANA,2.0,2026-10-10,2026-10-08,9861,60,HIBRIDO_ANALOGO_CLIM,OK_ANALOGOS_CONTINUIDAD_CORREGIDA,10,30,0.2814250260270428,1.147000156394986,-1.147000156394986,0.0,CORREGIDO_ANCLA_OBSERVADO
CONTAMANA,2.0,2026-10-10,2026-10-08,9861,90,HIBRIDO_ANALOGO_CLIM,OK_ANALOGOS_CONTINUIDAD_CORREGIDA,10,30,0.26171173078338916,1.1326622808752944,-1.1326622808752944,0.0,CORREGIDO_ANCLA_OBSERVADO
ENAPU,29.0,2026-10-10,2026-10-08,16619,30,HIBRIDO_ANALOGO_CLIM,EXCLUIDA_UNIDADES_MIXTAS,10,30,0.25581861759992053,26.872883823398308,0.0,26.872883823398308,NO_CORREGIDO_UNIDADES_MIXTAS
ENAPU,29.0,2026-10-10,2026-10-08,16619,60,HIBRIDO_ANALOGO_CLIM,EXCLUIDA_UNIDADES_MIXTAS,10,30,0.2546372264675151,26.86884247733056,0.0,26.86884247733056,NO_CORREGIDO_UNIDADES_MIXTAS
ENAPU,29.0,2026-10-10,2026-10-08,16619,90,HIBRIDO_ANALOGO_CLIM,EXCLUIDA_UNIDADES_MIXTAS,10,30,0.2546372264675151,26.86884247733056,0.0,26.86884247733056,NO_CORREGIDO_UNIDADES_MIXTAS
LAGUNAS,33.0,2026-10-10,2026-10-08,4176,30,HIBRIDO_ANALOGO_CLIM,OK_ANALOGOS_CONTINUIDAD_CORREGIDA,10,30,0.23857430255244116,0.10847412263050593,-0.10847412263050593,0.0,CORREGIDO_ANCLA_OBSERVADO
LAGUNAS,33.0,2026-10-10,2026-10-08,4176,60,HIBRIDO_ANALOGO_CLIM,OK_ANALOGOS_CONTINUIDAD_CORREGIDA,10,30,0.23857430255244116,0.10847412263050593,-0.10847412263050593,0.0,CORREGIDO_ANCLA_OBSERVADO
LAGUNAS,33.0,2026-10-10,2026-10-08,4176,90,HIBRIDO_ANALOGO_CLIM,OK_ANALOGOS_CONTINUIDAD_CORREGIDA,10,30,0.23857430255244116,0.10847412263050593,-0.10847412263050593,0.0,CORREGIDO_ANCLA_OBSERVADO
NAUTA,10.0,2026-10-10,2026-10-08,9052,30,HIBRIDO_ANALOGO_CLIM,OK_ANALOGOS_CONTINUIDAD_CORREGIDA,10,30,0.21194520270601913,-0.35403624845562387,0.35403624845562387,0.0,CORREGIDO_ANCLA_OBSERVADO
NAUTA,10.0,2026-10-10,2026-10-08,9052,60,HIBRIDO_ANALOGO_CLIM,OK_ANALOGOS_CONTINUIDAD_CORREGIDA,10,30,0.2175090192481711,-0.34400676828292553,0.34400676828292553,0.0,CORREGIDO_ANCLA_OBSERVADO
NAUTA,10.0,2026-10-10,2026-10-08,9052,90,HIBRIDO_ANALOGO_CLIM,OK_ANALOGOS_CONTINUIDAD_CORREGIDA,10,30,0.22739692584131346,-0.37123641397973106,0.37123641397973106,0.0,CORREGIDO_ANCLA_OBSERVADO
PUERTO ALEGRIA,1044.0,2026-10-10,2026-10-08,16392,30,HIBRIDO_ANALOGO_CLIM,OK_ANALOGOS_CONTINUIDAD_CORREGIDA,10,30,0.16674062551220442,-0.01948059108046074,0.01948059108046074,0.0,CORREGIDO_ANCLA_OBSERVADO
PUERTO ALEGRIA,1044.0,2026-10-10,2026-10-08,16392,60,HIBRIDO_ANALOGO_CLIM,OK_ANALOGOS_CONTINUIDAD_CORREGIDA,10,30,0.16674062551220442,-0.01948059108046074,0.01948059108046074,0.0,CORREGIDO_ANCLA_OBSERVADO
PUERTO ALEGRIA,1044.0,2026-10-10,2026-10-08,16392,90,HIBRIDO_ANALOGO_CLIM,OK_ANALOGOS_CONTINUIDAD_CORREGIDA,10,30,0.16674062551220442,-0.01948059108046074,0.01948059108046074,0.0,CORREGIDO_ANCLA_OBSERVADO
REQUENA,4.0,2026-10-10,2026-10-08,15193,30,HIBRIDO_ANALOGO_CLIM,OK_ANALOGOS_CONTINUIDAD_CORREGIDA,10,30,0.1887261052440294,-0.433530832498886,0.433530832498886,0.0,CORREGIDO_ANCLA_OBSERVADO
REQUENA,4.0,2026-10-10,2026-10-08,15193,60,HIBRIDO_ANALOGO_CLIM,OK_ANALOGOS_CONTINUIDAD_CORREGIDA,10,30,0.1887261052440294,-0.433530832498886,0.433530832498886,0.0,CORREGIDO_ANCLA_OBSERVADO
REQUENA,4.0,2026-10-10,2026-10-08,15193,90,HIBRIDO_ANALOGO_CLIM,OK_ANALOGOS_CONTINUIDAD_CORREGIDA,10,30,0.1919343747693762,-0.42521348309594753,0.42521348309594753,0.0,CORREGIDO_ANCLA_OBSERVADO
SAN REGIS,34.0,2026-10-10,2026-10-08,13917,30,HIBRIDO_ANALOGO_CLIM,OK_ANALOGOS_CONTINUIDAD_CORREGIDA,10,30,0.2385661930661815,-0.05067474607428135,0.05067474607428135,0.0,CORREGIDO_ANCLA_OBSERVADO
SAN REGIS,34.0,2026-10-10,2026-10-08,13917,60,HIBRIDO_ANALOGO_CLIM,OK_ANALOGOS_CONTINUIDAD_CORREGIDA,10,30,0.2385661930661815,-0.05067474607428135,0.05067474607428135,0.0,CORREGIDO_ANCLA_OBSERVADO
SAN REGIS,34.0,2026-10-10,2026-10-08,13917,90,HIBRIDO_ANALOGO_CLIM,OK_ANALOGOS_CONTINUIDAD_CORREGIDA,10,30,0.2385661930661815,-0.05067474607428135,0.05067474607428135,0.0,CORREGIDO_ANCLA_OBSERVADO
SANTA MARIA DE NANAY,30.0,2026-10-10,2026-10-08,3264,30,HIBRIDO_ANALOGO_CLIM,OK_ANALOGOS_CONTINUIDAD_CORREGIDA,10,30,0.2307307812554082,0.5066899114272845,-0.5066899114272845,0.0,CORREGIDO_ANCLA_OBSERVADO
SANTA MARIA DE NANAY,30.0,2026-10-10,2026-10-08,3264,60,HIBRIDO_ANALOGO_CLIM,OK_ANALOGOS_CONTINUIDAD_CORREGIDA,10,30,0.2307307812554082,0.5066899114272845,-0.5066899114272845,0.0,CORREGIDO_ANCLA_OBSERVADO
SANTA MARIA DE NANAY,30.0,2026-10-10,2026-10-08,3264,90,HIBRIDO_ANALOGO_CLIM,OK_ANALOGOS_CONTINUIDAD_CORREGIDA,10,30,0.2307307812554082,0.5066899114272845,-0.5066899114272845,0.0,CORREGIDO_ANCLA_OBSERVADO
TAMSHIYACU,3.0,2026-10-10,2026-10-08,15374,30,HIBRIDO_ANALOGO_CLIM,OK_ANALOGOS_CONTINUIDAD_CORREGIDA,10,30,0.24836663774222068,-0.07410586206172098,0.07410586206172098,0.0,CORREGIDO_ANCLA_OBSERVADO
TAMSHIYACU,3.0,2026-10-10,2026-10-08,15374,60,HIBRIDO_ANALOGO_CLIM,OK_ANALOGOS_CONTINUIDAD_CORREGIDA,10,30,0.32398643835135,-0.06660950190532411,0.06660950190532411,0.0,CORREGIDO_ANCLA_OBSERVADO
TAMSHIYACU,3.0,2026-10-10,2026-10-08,15374,90,HIBRIDO_ANALOGO_CLIM,OK_ANALOGOS_CONTINUIDAD_CORREGIDA,10,30,0.28055710137432843,-0.0796781069800554,0.0796781069800554,0.0,CORREGIDO_ANCLA_OBSERVADO
YURIMAGUAS,27.0,2026-10-10,2026-10-02,16710,30,HIBRIDO_ANALOGO_CLIM,OK_ANALOGOS_CONTINUIDAD_CORREGIDA,10,30,0.31148541635476745,0.029123095631348406,-0.029123095631348406,0.0,CORREGIDO_ANCLA_OBSERVADO
YURIMAGUAS,27.0,2026-10-10,2026-10-02,16710,60,HIBRIDO_ANALOGO_CLIM,OK_ANALOGOS_CONTINUIDAD_CORREGIDA,10,30,0.31148541635476745,0.029123095631348406,-0.029123095631348406,0.0,CORREGIDO_ANCLA_OBSERVADO
YURIMAGUAS,27.0,2026-10-10,2026-10-02,16710,90,HIBRIDO_ANALOGO_CLIM,OK_ANALOGOS_CONTINUIDAD_CORREGIDA,10,30,0.31148541635476745,0.029123095631348406,-0.029123095631348406,0.0,CORREGIDO_ANCLA_OBSERVADO
