estacion,horizonte_dias,modelo_ets,alpha_ets,beta_ets,phi_ets
BELLAVISTA,30,HOLT_AMORTIGUADO,0.8,0.3,0.85
BELLAVISTA,60,HOLT_AMORTIGUADO,0.8,0.3,0.85
BELLAVISTA,90,HOLT_AMORTIGUADO,0.8,0.3,0.85
BORJA,30,SES,0.8,0.0,0.0
BORJA,60,SES,0.8,0.0,0.0
BORJA,90,SES,0.8,0.0,0.0
CONTAMANA,30,HOLT_AMORTIGUADO,0.8,0.3,0.85
CONTAMANA,60,HOLT_AMORTIGUADO,0.8,0.3,0.85
CONTAMANA,90,HOLT_AMORTIGUADO,0.8,0.3,0.85
ENAPU,30,EXCLUIDA_UNIDADES_MIXTAS,,,
ENAPU,60,EXCLUIDA_UNIDADES_MIXTAS,,,
ENAPU,90,EXCLUIDA_UNIDADES_MIXTAS,,,
LAGUNAS,30,HOLT_AMORTIGUADO,0.8,0.3,0.85
LAGUNAS,60,HOLT_AMORTIGUADO,0.8,0.3,0.85
LAGUNAS,90,HOLT_AMORTIGUADO,0.8,0.3,0.85
NAUTA,30,HOLT_AMORTIGUADO,0.8,0.3,0.85
NAUTA,60,HOLT_AMORTIGUADO,0.8,0.3,0.85
NAUTA,90,HOLT_AMORTIGUADO,0.8,0.3,0.85
PUERTO ALEGRIA,30,HOLT_AMORTIGUADO,0.6,0.3,0.95
PUERTO ALEGRIA,60,HOLT_AMORTIGUADO,0.6,0.3,0.95
PUERTO ALEGRIA,90,HOLT_AMORTIGUADO,0.6,0.3,0.95
REQUENA,30,HOLT_AMORTIGUADO,0.8,0.3,0.95
REQUENA,60,HOLT_AMORTIGUADO,0.8,0.3,0.95
REQUENA,90,HOLT_AMORTIGUADO,0.8,0.3,0.95
SAN REGIS,30,HOLT_AMORTIGUADO,0.8,0.3,0.85
SAN REGIS,60,HOLT_AMORTIGUADO,0.8,0.3,0.85
SAN REGIS,90,HOLT_AMORTIGUADO,0.8,0.3,0.85
SANTA MARIA DE NANAY,30,HOLT_AMORTIGUADO,0.8,0.3,0.85
SANTA MARIA DE NANAY,60,HOLT_AMORTIGUADO,0.8,0.3,0.85
SANTA MARIA DE NANAY,90,HOLT_AMORTIGUADO,0.8,0.3,0.85
TAMSHIYACU,30,HOLT_TENDENCIA,0.8,0.15,1.0
TAMSHIYACU,60,HOLT_TENDENCIA,0.8,0.15,1.0
TAMSHIYACU,90,HOLT_TENDENCIA,0.8,0.15,1.0
YURIMAGUAS,30,HOLT_AMORTIGUADO,0.8,0.05,0.85
YURIMAGUAS,60,HOLT_AMORTIGUADO,0.8,0.05,0.85
YURIMAGUAS,90,HOLT_AMORTIGUADO,0.8,0.05,0.85
