estacion,horizonte_dias,fecha_emision,conformal_q_m,n_calibracion,estado_conformal
BELLAVISTA,30,2026-10-09,2.5069193592886663,240,OK_CALIBRADO
BELLAVISTA,60,2026-10-09,2.3928890931006004,480,OK_CALIBRADO
BELLAVISTA,90,2026-10-09,2.1793524819250285,720,OK_CALIBRADO
BORJA,30,2026-10-09,2.2491273241688416,240,OK_CALIBRADO
BORJA,60,2026-10-09,2.080462167970471,480,OK_CALIBRADO
BORJA,90,2026-10-09,1.9405785507470563,720,OK_CALIBRADO
CONTAMANA,30,2026-10-09,2.107137683632084,240,OK_CALIBRADO
CONTAMANA,60,2026-10-09,3.8541921270785924,480,OK_CALIBRADO
CONTAMANA,90,2026-10-09,4.602042370348478,720,OK_CALIBRADO
ENAPU,30,2026-10-09,,0,EXCLUIDA_UNIDADES_MIXTAS
ENAPU,60,2026-10-09,,0,EXCLUIDA_UNIDADES_MIXTAS
ENAPU,90,2026-10-09,,0,EXCLUIDA_UNIDADES_MIXTAS
LAGUNAS,30,2026-10-09,1.7755610855317574,240,OK_CALIBRADO
LAGUNAS,60,2026-10-09,2.202355370583901,480,OK_CALIBRADO
LAGUNAS,90,2026-10-09,1.9709431412921,720,OK_CALIBRADO
NAUTA,30,2026-10-09,2.18542637878954,240,OK_CALIBRADO
NAUTA,60,2026-10-09,2.901664107523141,480,OK_CALIBRADO
NAUTA,90,2026-10-09,3.1280202272597855,720,OK_CALIBRADO
PUERTO ALEGRIA,30,2026-10-09,2.6305996655676545,240,OK_CALIBRADO
PUERTO ALEGRIA,60,2026-10-09,2.797278228714827,480,OK_CALIBRADO
PUERTO ALEGRIA,90,2026-10-09,2.640738847850203,720,OK_CALIBRADO
REQUENA,30,2026-10-09,0.9272815861062877,240,OK_CALIBRADO
REQUENA,60,2026-10-09,2.0919973939817353,480,OK_CALIBRADO
REQUENA,90,2026-10-09,2.8304373421535995,720,OK_CALIBRADO
SAN REGIS,30,2026-10-09,2.1733374069357927,240,OK_CALIBRADO
SAN REGIS,60,2026-10-09,2.3782605939250523,480,OK_CALIBRADO
SAN REGIS,90,2026-10-09,2.297644900905002,720,OK_CALIBRADO
SANTA MARIA DE NANAY,30,2026-10-09,2.2515863046029,240,OK_CALIBRADO
SANTA MARIA DE NANAY,60,2026-10-09,2.0726530002110737,480,OK_CALIBRADO
SANTA MARIA DE NANAY,90,2026-10-09,2.0109498442121736,720,OK_CALIBRADO
TAMSHIYACU,30,2026-10-09,2.252553257551381,120,OK_CALIBRADO
TAMSHIYACU,60,2026-10-09,2.6939280867050908,240,OK_CALIBRADO
TAMSHIYACU,90,2026-10-09,2.6666033175931823,360,OK_CALIBRADO
YURIMAGUAS,30,2026-10-09,2.2130775994853877,240,OK_CALIBRADO
YURIMAGUAS,60,2026-10-09,2.2275267339583706,480,OK_CALIBRADO
YURIMAGUAS,90,2026-10-09,2.146715562151144,720,OK_CALIBRADO
